images/angle0_18.jpg,masks/angle0_18.png
images/angle0_52.jpg,masks/angle0_52.png
images/angle0_61.jpg,masks/angle0_61.png
images/angle0_79.jpg,masks/angle0_79.png
images/angle0_100.jpg,masks/angle0_100.png
images/angle0_96.jpg,masks/angle0_96.png
images/angle0_86.jpg,masks/angle0_86.png
images/angle0_14.jpg,masks/angle0_14.png
images/angle0_4.jpg,masks/angle0_4.png
images/angle0_40.jpg,masks/angle0_40.png
images/angle0_76.jpg,masks/angle0_76.png
images/angle0_93.jpg,masks/angle0_93.png
images/angle0_13.jpg,masks/angle0_13.png
images/angle0_27.jpg,masks/angle0_27.png
images/angle0_48.jpg,masks/angle0_48.png
images/angle0_82.jpg,masks/angle0_82.png
images/angle0_69.jpg,masks/angle0_69.png
images/angle0_42.jpg,masks/angle0_42.png
images/angle0_12.jpg,masks/angle0_12.png
images/angle0_19.jpg,masks/angle0_19.png
images/angle0_44.jpg,masks/angle0_44.png
images/angle0_74.jpg,masks/angle0_74.png
images/angle0_81.jpg,masks/angle0_81.png
images/angle0_67.jpg,masks/angle0_67.png
images/angle0_31.jpg,masks/angle0_31.png
images/angle0_70.jpg,masks/angle0_70.png
images/angle0_43.jpg,masks/angle0_43.png
images/angle0_55.jpg,masks/angle0_55.png
images/angle0_28.jpg,masks/angle0_28.png
images/angle0_22.jpg,masks/angle0_22.png
images/angle0_34.jpg,masks/angle0_34.png
images/angle0_11.jpg,masks/angle0_11.png
images/angle0_15.jpg,masks/angle0_15.png
images/angle0_95.jpg,masks/angle0_95.png
images/angle0_33.jpg,masks/angle0_33.png
images/angle0_62.jpg,masks/angle0_62.png
images/angle0_17.jpg,masks/angle0_17.png
images/angle0_45.jpg,masks/angle0_45.png
images/angle0_92.jpg,masks/angle0_92.png
images/angle0_9.jpg,masks/angle0_9.png
images/angle0_47.jpg,masks/angle0_47.png
images/angle0_24.jpg,masks/angle0_24.png
images/angle0_57.jpg,masks/angle0_57.png
images/angle0_87.jpg,masks/angle0_87.png
images/angle0_20.jpg,masks/angle0_20.png
images/angle0_83.jpg,masks/angle0_83.png
images/angle0_5.jpg,masks/angle0_5.png
images/angle0_56.jpg,masks/angle0_56.png
images/angle0_90.jpg,masks/angle0_90.png
images/angle0_25.jpg,masks/angle0_25.png
images/angle0_58.jpg,masks/angle0_58.png
images/angle0_91.jpg,masks/angle0_91.png
images/angle0_41.jpg,masks/angle0_41.png
images/angle0_66.jpg,masks/angle0_66.png
images/angle0_63.jpg,masks/angle0_63.png
images/angle0_46.jpg,masks/angle0_46.png
images/angle0_94.jpg,masks/angle0_94.png
images/angle0_30.jpg,masks/angle0_30.png
images/angle0_6.jpg,masks/angle0_6.png
images/angle0_37.jpg,masks/angle0_37.png
images/angle0_2.jpg,masks/angle0_2.png
images/angle0_72.jpg,masks/angle0_72.png
images/angle0_21.jpg,masks/angle0_21.png
images/angle0_26.jpg,masks/angle0_26.png
images/angle0_29.jpg,masks/angle0_29.png
images/angle0_51.jpg,masks/angle0_51.png
images/angle0_85.jpg,masks/angle0_85.png
images/angle0_88.jpg,masks/angle0_88.png
images/angle0_32.jpg,masks/angle0_32.png
images/angle0_68.jpg,masks/angle0_68.png
images/angle0_53.jpg,masks/angle0_53.png
images/angle0_64.jpg,masks/angle0_64.png
images/angle0_8.jpg,masks/angle0_8.png
images/angle0_75.jpg,masks/angle0_75.png
images/angle0_50.jpg,masks/angle0_50.png
images/angle0_35.jpg,masks/angle0_35.png
images/angle0_78.jpg,masks/angle0_78.png
images/angle0_84.jpg,masks/angle0_84.png
images/angle0_73.jpg,masks/angle0_73.png
images/angle0_1.jpg,masks/angle0_1.png
