images/frame0016.jpg,masks/frame0016.png
images/frame0000.jpg,masks/frame0000.png
images/frame0097.jpg,masks/frame0097.png
images/frame0085.jpg,masks/frame0085.png
images/frame0017.jpg,masks/frame0017.png
images/frame0030.jpg,masks/frame0030.png
images/frame0009.jpg,masks/frame0009.png
images/frame0018.jpg,masks/frame0018.png
images/frame0042.jpg,masks/frame0042.png
images/frame0040.jpg,masks/frame0040.png
images/frame0069.jpg,masks/frame0069.png
images/frame0046.jpg,masks/frame0046.png
images/frame0010.jpg,masks/frame0010.png
images/frame0043.jpg,masks/frame0043.png
images/frame0065.jpg,masks/frame0065.png
images/frame0055.jpg,masks/frame0055.png
images/frame0027.jpg,masks/frame0027.png
images/frame0004.jpg,masks/frame0004.png
images/frame0008.jpg,masks/frame0008.png
images/frame0006.jpg,masks/frame0006.png
images/frame0100.jpg,masks/frame0100.png
images/frame0025.jpg,masks/frame0025.png
images/frame0014.jpg,masks/frame0014.png
images/frame0088.jpg,masks/frame0088.png
images/frame0061.jpg,masks/frame0061.png
images/frame0068.jpg,masks/frame0068.png
images/frame0003.jpg,masks/frame0003.png
images/frame0078.jpg,masks/frame0078.png
images/frame0020.jpg,masks/frame0020.png
images/frame0007.jpg,masks/frame0007.png
images/frame0070.jpg,masks/frame0070.png
images/frame0038.jpg,masks/frame0038.png
images/frame0063.jpg,masks/frame0063.png
images/frame0075.jpg,masks/frame0075.png
images/frame0013.jpg,masks/frame0013.png
images/frame0083.jpg,masks/frame0083.png
images/frame0081.jpg,masks/frame0081.png
images/frame0024.jpg,masks/frame0024.png
images/frame0023.jpg,masks/frame0023.png
images/frame0057.jpg,masks/frame0057.png
images/frame0022.jpg,masks/frame0022.png
images/frame0028.jpg,masks/frame0028.png
images/frame0084.jpg,masks/frame0084.png
images/frame0026.jpg,masks/frame0026.png
images/frame0002.jpg,masks/frame0002.png
images/frame0031.jpg,masks/frame0031.png
images/frame0039.jpg,masks/frame0039.png
images/frame0059.jpg,masks/frame0059.png
images/frame0041.jpg,masks/frame0041.png
images/frame0062.jpg,masks/frame0062.png
images/frame0077.jpg,masks/frame0077.png
images/frame0064.jpg,masks/frame0064.png
images/frame0019.jpg,masks/frame0019.png
images/frame0094.jpg,masks/frame0094.png
images/frame0050.jpg,masks/frame0050.png
images/frame0033.jpg,masks/frame0033.png
images/frame0051.jpg,masks/frame0051.png
images/frame0056.jpg,masks/frame0056.png
images/frame0021.jpg,masks/frame0021.png
images/frame0082.jpg,masks/frame0082.png
images/frame0029.jpg,masks/frame0029.png
images/frame0034.jpg,masks/frame0034.png
images/frame0073.jpg,masks/frame0073.png
images/frame0032.jpg,masks/frame0032.png
images/frame0093.jpg,masks/frame0093.png
images/frame0036.jpg,masks/frame0036.png
images/frame0005.jpg,masks/frame0005.png
images/frame0037.jpg,masks/frame0037.png
images/frame0091.jpg,masks/frame0091.png
images/frame0060.jpg,masks/frame0060.png
images/frame0098.jpg,masks/frame0098.png
images/frame0096.jpg,masks/frame0096.png
images/frame0074.jpg,masks/frame0074.png
images/frame0045.jpg,masks/frame0045.png
images/frame0048.jpg,masks/frame0048.png
images/frame0067.jpg,masks/frame0067.png
images/frame0011.jpg,masks/frame0011.png
images/frame0015.jpg,masks/frame0015.png
images/frame0071.jpg,masks/frame0071.png
images/frame0090.jpg,masks/frame0090.png
